first_name,last_name,email,regional center,local section,licence
Alasteir,Crawley,acrawley0@wp.com,Regional Center 1,section a,3Pc5azb909
Dwight,Desporte,ddesporte1@nifty.com,Regional Center 2,section b,EK8SAU3sng
Ky,Merriman,kmerriman2@apache.org,Regional Center 3,section c,C54n6VqJLb
Ettore,Domelaw,edomelaw3@devhub.com,Regional Center 4,section d,F7QWjWcQnJ
Marthena,Desouza,mdesouza4@techcrunch.com,Regional Center 5,section e,Fei9e10JhO
Robin,Spark,rspark5@mozilla.org,Regional Center 6,section f,01FdtR428o
Marcelo,Coldham,mcoldham6@google.com,Regional Center 7,section a,TCqIm7bhHR
Staci,Ing,sing7@who.int,Regional Center 8,section b,31R05ivv43
Anabel,Northall,anorthall8@gnu.org,Regional Center 9,section c,oHFGNNa3cp
Kelbee,Jacobovitz,kjacobovitz9@ovh.net,Regional Center 10,section d,6a4uatSjPH
Colly,Gallymore,cgallymorea@ask.com,Regional Center 1,section e,emfJj7G4QQ
Aimee,Dowtry,adowtryb@telegraph.co.uk,Regional Center 2,section f,HPKZX2K98D
Ike,Albasiny,ialbasinyc@amazon.co.uk,Regional Center 3,section a,L75V2HG0z6
Jodi,Faucett,jfaucettd@dyndns.org,Regional Center 4,section b,9gGOBE2x8c
Mehetabel,Mersey,mmerseye@newyorker.com,Regional Center 5,section c,3xdAeQRC4s
Fabio,Kondratyuk,fkondratyukf@tumblr.com,Regional Center 6,section d,Ia31IzrBXh
Sky,Wheelton,swheeltong@narod.ru,Regional Center 7,section e,IWDp0jLB1M
Dulcie,Robertacci,drobertaccih@ebay.com,Regional Center 8,section f,kI0Z6lgwj1
Roley,Stowell,rstowelli@wufoo.com,Regional Center 9,section a,MJxT31tL9N
Frederich,D'Enrico,fdenricoj@ucoz.com,Regional Center 10,section b,6IqSAkjJD3
Meggy,Walbridge,mwalbridgek@acquirethisname.com,Regional Center 1,section c,3KD15fVSsO
Yehudit,McGibbon,ymcgibbonl@printfriendly.com,Regional Center 2,section d,9E0cURNEkU
Lorilee,Binham,lbinhamm@google.ru,Regional Center 3,section e,sZToVOqq6Y
Uriah,Porcas,uporcasn@chronoengine.com,Regional Center 4,section f,7T9fI29p4j
Alexandro,Verlinde,averlindeo@sphinn.com,Regional Center 5,section a,jNLC1I0AH1
Bailey,Freeman,bfreemanp@elegantthemes.com,Regional Center 6,section b,RAXFhG5AkH
Constantina,Wrenn,cwrennq@diigo.com,Regional Center 7,section c,x50WdYQPU0
Faun,Juden,fjudenr@mac.com,Regional Center 8,section d,IBH631SeX2
Debby,De Simone,ddesimones@tinyurl.com,Regional Center 9,section e,LsOTS1053z
Mel,Spillard,mspillardt@auda.org.au,Regional Center 10,section f,YXasPR1o66
Vladamir,Surmeyer,vsurmeyeru@hp.com,Regional Center 1,section a,cfB28tdC2P
Marianna,Langland,mlanglandv@printfriendly.com,Regional Center 2,section b,X3E26S6cJ1
Ninette,McArdell,nmcardellw@friendfeed.com,Regional Center 3,section c,j4Nyn04dk5
Osbert,Antonutti,oantonuttix@wired.com,Regional Center 4,section d,bf80FYvgIR
Burch,Pantin,bpantiny@weather.com,Regional Center 5,section e,bnBqMXlMXB
Goddart,Kenworthy,gkenworthyz@ed.gov,Regional Center 6,section f,ZoDjt42mVh
Guillemette,Gladwin,ggladwin10@cam.ac.uk,Regional Center 7,section a,UTlTX2wN1m
Ann-marie,Cursey,acursey11@webeden.co.uk,Regional Center 8,section b,t96v7iEi5f
Morton,Arran,marran12@t-online.de,Regional Center 9,section c,9O7Mlst2pT
Sully,McGoon,smcgoon13@time.com,Regional Center 10,section d,HdZHfuhN31
Desi,Querree,dquerree14@cnet.com,Regional Center 1,section e,vu9C9P5Bzo
Tamera,Easom,teasom15@biblegateway.com,Regional Center 2,section f,OgjIZ6I46A
Annabella,Bunn,abunn16@apache.org,Regional Center 3,section a,veQn17y9j6
Fulton,Capineer,fcapineer17@slate.com,Regional Center 4,section b,b41Lr58qtm
Kathe,Cullen,kcullen18@google.com.hk,Regional Center 5,section c,OyD2lWcAzV
Demetria,Skeels,dskeels19@homestead.com,Regional Center 6,section d,0I89LOn0w9
Davita,Jinda,djinda1a@free.fr,Regional Center 7,section e,vA82BYKgL7
Ollie,Seligson,oseligson1b@ebay.com,Regional Center 8,section f,62w576DAjp
Hakeem,Inchbald,hinchbald1c@behance.net,Regional Center 9,section a,dB2j4OOjHC
Aarika,Rought,arought1d@joomla.org,Regional Center 10,section b,2OzoZ7Sqt5
Rosco,Balkwill,rbalkwill1e@t.co,Regional Center 1,section c,A3aS4fIdr8
Hailee,Glen,hglen1f@telegraph.co.uk,Regional Center 2,section d,Bcw5S858a9
Dominic,Bluck,dbluck1g@arstechnica.com,Regional Center 3,section e,9V9nMDDnRi
Kristy,Drees,kdrees1h@flickr.com,Regional Center 4,section f,Jp3J8ZQNyA
Ade,Bourton,abourton1i@elpais.com,Regional Center 5,section a,vAkETQ34IQ
Ramona,Worsnup,rworsnup1j@goo.ne.jp,Regional Center 6,section b,xsGirXMkx1
Mavis,Clappson,mclappson1k@shop-pro.jp,Regional Center 7,section c,kcDRu6QGCq
Sissie,McKee,smckee1l@nih.gov,Regional Center 8,section d,9v5hGE2E0H
Andonis,Boyd,aboyd1m@webnode.com,Regional Center 9,section e,a5ZA417Rhh
Violante,Cork,vcork1n@cafepress.com,Regional Center 10,section f,893lG0rBOm
Carson,Collum,ccollum1o@imgur.com,Regional Center 1,section a,301sRUHNDc
Angelina,Erangey,aerangey1p@oaic.gov.au,Regional Center 2,section b,j4B6338X9Q
Craig,Tierny,ctierny1q@economist.com,Regional Center 3,section c,r2NP3NPj4I
Ban,Lawrey,blawrey1r@pagesperso-orange.fr,Regional Center 4,section d,CmWBRa100B
Charlotte,Potteridge,cpotteridge1s@phoca.cz,Regional Center 5,section e,nyYv79iBC5
Kelcy,Masdin,kmasdin1t@forbes.com,Regional Center 6,section f,x1g0y9cOfz
Fielding,Cussen,fcussen1u@hao123.com,Regional Center 7,section a,Z1484Lu1h1
Gaspar,Dark,gdark1v@stanford.edu,Regional Center 8,section b,0dLIqE87Jz
Mack,Grzesiewicz,mgrzesiewicz1w@illinois.edu,Regional Center 9,section c,QQ5jcQ968w
Aldric,Iddon,aiddon1x@merriam-webster.com,Regional Center 10,section d,3yve1V0And
Monique,Dominguez,mdominguez1y@amazon.com,Regional Center 1,section e,86T13O8R9r
Ellary,Beynke,ebeynke1z@ca.gov,Regional Center 2,section f,Tm2j45Wmk7
Gavra,Juara,gjuara20@google.com,Regional Center 3,section a,W8I8F9DLpS
Glynda,Ettels,gettels21@newsvine.com,Regional Center 4,section b,tva81Ka5y5
Fidole,Garms,fgarms22@cnet.com,Regional Center 5,section c,8l6koTPTAt
Jaquelin,Reeson,jreeson23@auda.org.au,Regional Center 6,section d,6sLYvgh6u8
Alleen,Doumerc,adoumerc24@ow.ly,Regional Center 7,section e,HIRy9zjQ4D
Leese,Cleugh,lcleugh25@youtu.be,Regional Center 8,section f,e3iTR3S7nR
Joannes,Legrave,jlegrave26@buzzfeed.com,Regional Center 9,section a,1OrSG3KrPc
Lesli,Minty,lminty27@cbsnews.com,Regional Center 10,section b,i4e4m7C3rK
Kaye,Brookbank,kbrookbank28@sakura.ne.jp,Regional Center 1,section c,r2UfEtLYe5
Tony,Elnaugh,telnaugh29@umich.edu,Regional Center 2,section d,bANsc8220I
Martainn,Hylden,mhylden2a@foxnews.com,Regional Center 3,section e,tN0gBigse7
Lorette,Kennady,lkennady2b@1und1.de,Regional Center 4,section f,9pCGBvFkmW
Chaim,Tuddenham,ctuddenham2c@hhs.gov,Regional Center 5,section a,Mm5Q8P29Xl
Avery,Norster,anorster2d@oaic.gov.au,Regional Center 6,section b,04nl10kPKB
Christabella,Ibeson,cibeson2e@barnesandnoble.com,Regional Center 7,section c,2R419X7pU3
Cindra,Lillywhite,clillywhite2f@earthlink.net,Regional Center 8,section d,q8OHs425Eh
Annaliese,Perrot,aperrot2g@squidoo.com,Regional Center 9,section e,k7A7oF7NQ1
Hammad,Schollick,hschollick2h@ning.com,Regional Center 10,section f,K8j7K1uLgt
Phyllys,Worgen,pworgen2i@quantcast.com,Regional Center 1,section a,4224O3hr55
Rocky,Sharrem,rsharrem2j@bloglovin.com,Regional Center 2,section b,xJjaEZMRA0
Myranda,Lownds,mlownds2k@feedburner.com,Regional Center 3,section c,M192LgLN16
Domenico,Goadby,dgoadby2l@digg.com,Regional Center 4,section d,QWS2hEjG5D
Cori,Edgecumbe,cedgecumbe2m@fc2.com,Regional Center 5,section e,3S766aX97z
Tanhya,Dollard,tdollard2n@netvibes.com,Regional Center 6,section f,Zlaj9Nv5P2
Louise,Olivera,lolivera2o@archive.org,Regional Center 7,section a,119s6o6WsL
Jedidiah,Yeats,jyeats2p@linkedin.com,Regional Center 8,section b,8479Q36q6y
Ula,Lunam,ulunam2q@soundcloud.com,Regional Center 9,section c,Vp5iP9Rb7s
Graham,Duffield,gduffield2r@house.gov,Regional Center 10,section d,FZ0Sb3JvSL
Caleb,Nowlan,cnowlan2s@digg.com,Regional Center 1,section e,CA0jeM4B87
Cordell,Patington,cpatington2t@myspace.com,Regional Center 2,section f,YPc0c1GWXn
Carroll,Kruse,ckruse2u@shop-pro.jp,Regional Center 3,section a,we6a6xSeQo
Celie,Newcomen,cnewcomen2v@prweb.com,Regional Center 4,section b,DkwEvZc2F4
Fremont,Rostron,frostron2w@spotify.com,Regional Center 5,section c,58mY8AGjpe
Enoch,Robjohns,erobjohns2x@prlog.org,Regional Center 6,section d,WA2Yfk2ls7
Rex,Kunes,rkunes2y@netvibes.com,Regional Center 7,section e,uFC5fYdFEc
Katharine,Willcot,kwillcot2z@surveymonkey.com,Regional Center 8,section f,5jL51W4ns5
Mari,Sells,msells30@squarespace.com,Regional Center 9,section a,V4991e83c3
Alyss,Povey,apovey31@skyrock.com,Regional Center 10,section b,gz1z9fbvn6
Hilario,Perkinson,hperkinson32@businessweek.com,Regional Center 1,section c,ZT82hYn5U1
Kalvin,Duligal,kduligal33@java.com,Regional Center 2,section d,E5ZFHgkYC7
Dilly,Scroggins,dscroggins34@cdc.gov,Regional Center 3,section e,E4WcCjeiS4
Perrine,Cherryman,pcherryman35@1und1.de,Regional Center 4,section f,6UHy9059Cp
Fowler,Millar,fmillar36@desdev.cn,Regional Center 5,section a,wBJMVANkxX
Dorris,Dragge,ddragge37@theguardian.com,Regional Center 6,section b,1keqr8iVvP
Den,Lowdwell,dlowdwell38@tiny.cc,Regional Center 7,section c,O50HQ94wTF
Fawn,Brigden,fbrigden39@live.com,Regional Center 8,section d,E9332okxz3
Alexandra,Rosenfield,arosenfield3a@google.com.br,Regional Center 9,section e,39aRw12nyE
Conroy,Rickeard,crickeard3b@comsenz.com,Regional Center 10,section f,fij5Yx6vLi
Tamas,Swannie,tswannie3c@google.co.uk,Regional Center 1,section a,0zKTVC771h
Clo,Tomaselli,ctomaselli3d@soundcloud.com,Regional Center 2,section b,4q371wGTxK
Nicoline,Rosengart,nrosengart3e@creativecommons.org,Regional Center 3,section c,62fTJ08vjO
Morly,Baldock,mbaldock3f@who.int,Regional Center 4,section d,mP5xU5P7DL
Susanna,Eseler,seseler3g@wikispaces.com,Regional Center 5,section e,iTCEHaEWMt
Stacia,Kornyakov,skornyakov3h@bloglovin.com,Regional Center 6,section f,umb9gZp22S
Tawnya,Wittey,twittey3i@hc360.com,Regional Center 7,section a,ggExLMVKg9
Jere,Loveman,jloveman3j@pagesperso-orange.fr,Regional Center 8,section b,LjDHiwD0Fz
Bethena,Whimpenny,bwhimpenny3k@prlog.org,Regional Center 9,section c,q6iJFb91BW
Morgan,De Banke,mdebanke3l@amazon.co.uk,Regional Center 10,section d,sHu7N0t1Uu
Jan,McReynold,jmcreynold3m@free.fr,Regional Center 1,section e,rAYdF1c1wT
Katie,Croome,kcroome3n@wiley.com,Regional Center 2,section f,K8ZweWaI73
Eward,Stygall,estygall3o@biglobe.ne.jp,Regional Center 3,section a,yXv9Ai8fux
Herbie,Eshmade,heshmade3p@springer.com,Regional Center 4,section b,7ZD2at24pP
Augie,Rowney,arowney3q@japanpost.jp,Regional Center 5,section c,231W7V230z
Dwain,O'Keenan,dokeenan3r@vimeo.com,Regional Center 6,section d,CDnLV3O4zT
Gerald,Coping,gcoping3s@businessinsider.com,Regional Center 7,section e,IX39mY96VU
Jamey,Revel,jrevel3t@unicef.org,Regional Center 8,section f,eo4BG5N7Rb
Rickey,Stonary,rstonary3u@eepurl.com,Regional Center 9,section a,h2A3mr4Pnw
Shellie,Keyzor,skeyzor3v@reverbnation.com,Regional Center 10,section b,7jdVjk97FR
Lynnea,Romanet,lromanet3w@amazon.co.jp,Regional Center 1,section c,7e5X82Ex6F
Janaya,Gristhwaite,jgristhwaite3x@typepad.com,Regional Center 2,section d,9oM4M9Y9io
Elva,Wherrit,ewherrit3y@csmonitor.com,Regional Center 3,section e,tSJNq2YYoN
Martainn,Petras,mpetras3z@naver.com,Regional Center 4,section f,g6397R0LGK
Jessee,Thirkettle,jthirkettle40@economist.com,Regional Center 5,section a,Pf0Jl1Uo98
Jourdan,Shildrake,jshildrake41@foxnews.com,Regional Center 6,section b,0pGE9WfL64
Aguste,Heaphy,aheaphy42@umich.edu,Regional Center 7,section c,c70QOJB62m
Domenico,Ivanyukov,divanyukov43@ycombinator.com,Regional Center 8,section d,m1Ogg5PEc6
Emmie,Regan,eregan44@opera.com,Regional Center 9,section e,9whDgk0hO3
Franni,McGiffin,fmcgiffin45@chron.com,Regional Center 10,section f,1I56c22SlH
Winna,Weal,wweal46@epa.gov,Regional Center 1,section a,lPZcdO8Pg5
Tallulah,Elmhurst,telmhurst47@shinystat.com,Regional Center 2,section b,f33w2528aL
Gunther,Hayle,ghayle48@trellian.com,Regional Center 3,section c,J02bu8ivby
Carlynne,Tutsell,ctutsell49@mit.edu,Regional Center 4,section d,CW245fR51S
Zonda,Maryman,zmaryman4a@bizjournals.com,Regional Center 5,section e,6veuWfsx3q
Ettie,Sheber,esheber4b@over-blog.com,Regional Center 6,section f,G0El4SP8Df
Erma,Chartre,echartre4c@pcworld.com,Regional Center 7,section a,lB32V9IBZm
Bonnee,Ivakhin,bivakhin4d@sohu.com,Regional Center 8,section b,hkd86OL311
Vale,Dureden,vdureden4e@woothemes.com,Regional Center 9,section c,A2Ox2r8g4X
Noelyn,Klug,nklug4f@tripod.com,Regional Center 10,section d,PvK5R5D8B0
Raf,Hargreave,rhargreave4g@nhs.uk,Regional Center 1,section e,If238HMwHk
Guy,Dove,gdove4h@theguardian.com,Regional Center 2,section f,k60KTg2BY4
Malvina,Darley,mdarley4i@sitemeter.com,Regional Center 3,section a,W594B0CME3
Bev,de Mendoza,bdemendoza4j@ask.com,Regional Center 4,section b,5QB7pBgSSw
Sarine,Hillen,shillen4k@rakuten.co.jp,Regional Center 5,section c,q3cQ1UPUwR
Julio,Easeman,jeaseman4l@mac.com,Regional Center 6,section d,5qbeIhQFSL
Matilde,Blackborn,mblackborn4m@tinypic.com,Regional Center 7,section e,95shOU63L7
Danell,Bryers,dbryers4n@edublogs.org,Regional Center 8,section f,AR496cUCZ7
Tabbatha,Livard,tlivard4o@wired.com,Regional Center 9,section a,X2S46Mz1bJ
Stanwood,Bolsover,sbolsover4p@aboutads.info,Regional Center 10,section b,TBb9hdk6Cl
Dita,Sheehan,dsheehan4q@si.edu,Regional Center 1,section c,9HO4xPpo22
Trumaine,Phipard-Shears,tphipardshears4r@huffingtonpost.com,Regional Center 2,section d,34G06Bj99N
Binni,Baribal,bbaribal4s@arstechnica.com,Regional Center 3,section e,ty0xPbf22l
Odelle,Likly,olikly4t@t.co,Regional Center 4,section f,AQe2tqksQm
Allene,Fryd,afryd4u@irs.gov,Regional Center 5,section a,XFA51y7SXa
Aleen,Breydin,abreydin4v@pen.io,Regional Center 6,section b,KWeNBgPKhN
Syman,Groucutt,sgroucutt4w@unicef.org,Regional Center 7,section c,v895y292hZ
Sven,McGaughie,smcgaughie4x@weibo.com,Regional Center 8,section d,z1YgICw8qN
Cordie,Howkins,chowkins4y@freewebs.com,Regional Center 9,section e,0mzh96nhL8
Andonis,D'Aubney,adaubney4z@wix.com,Regional Center 10,section f,sBOStyPB5V
Orville,Bisseker,obisseker50@fema.gov,Regional Center 1,section a,QlrwfDJqdZ
Judith,Woolsey,jwoolsey51@weebly.com,Regional Center 2,section b,g07T2esM1N
Maddie,Loidl,mloidl52@list-manage.com,Regional Center 3,section c,8c59SSxfj8
Leanna,Frame,lframe53@woothemes.com,Regional Center 4,section d,jc3y2A76Y4
Alexi,Minero,aminero54@sciencedirect.com,Regional Center 5,section e,Y62FeM0Ah9
Lindon,Tegler,ltegler55@cpanel.net,Regional Center 6,section f,Ce8JDHxfRT
Dallis,Barenskie,dbarenskie56@ox.ac.uk,Regional Center 7,section a,2Whl5nG7xr
Pieter,McMillan,pmcmillan57@wired.com,Regional Center 8,section b,25U7w2aqKM
Barb,Lowman,blowman58@ocn.ne.jp,Regional Center 9,section c,jt230VGlG0
Kirbee,Cardno,kcardno59@sphinn.com,Regional Center 10,section d,0G4VxIqAfL
Mikael,Ferrierio,mferrierio5a@soundcloud.com,Regional Center 1,section e,UT21Ee371n
Aldis,Tosspell,atosspell5b@cdbaby.com,Regional Center 2,section f,ZXEzB31RzC
Isabella,Klimov,iklimov5c@merriam-webster.com,Regional Center 3,section a,Wb6j8CtzNZ
Nita,Kopta,nkopta5d@xing.com,Regional Center 4,section b,qfg4Onw2RO
Thelma,Brymham,tbrymham5e@sina.com.cn,Regional Center 5,section c,A848Hu9za0
Thorndike,Rominov,trominov5f@reverbnation.com,Regional Center 6,section d,Ukgkyw6wq6
Thorndike,Dacca,tdacca5g@latimes.com,Regional Center 7,section e,j47t065RdY
Rowen,Ninotti,rninotti5h@simplemachines.org,Regional Center 8,section f,U3VFlR5Rux
Lorrie,Douthwaite,ldouthwaite5i@chron.com,Regional Center 9,section a,xPCJV3ldG9
Ashely,Lightbourne,alightbourne5j@trellian.com,Regional Center 10,section b,237Ch4H0my
Curtis,Thresher,cthresher5k@vimeo.com,Regional Center 1,section c,u9d97iKXqF
Gwenore,Masser,gmasser5l@facebook.com,Regional Center 2,section d,h0k19bN9c6
Cynthea,Lorent,clorent5m@disqus.com,Regional Center 3,section e,05FS9k3u1K
Celestine,Gatman,cgatman5n@flickr.com,Regional Center 4,section f,6eGk4am596
Gerianna,MacGoun,gmacgoun5o@live.com,Regional Center 5,section a,sRFX7jrov6
Adele,Oldershaw,aoldershaw5p@ed.gov,Regional Center 6,section b,ZmYb0axBG4
Griffy,Edmund,gedmund5q@soundcloud.com,Regional Center 7,section c,2eTuUtGOn4
Bertie,Babst,bbabst5r@networksolutions.com,Regional Center 8,section d,0qYIEd68K1
Humfrid,Anthony,hanthony5s@pagesperso-orange.fr,Regional Center 9,section e,WFtTcbjJdz
Tuck,Clemens,tclemens5t@goodreads.com,Regional Center 10,section f,3kN0h2xuB7
Mordecai,Bragginton,mbragginton5u@merriam-webster.com,Regional Center 1,section a,S20e1110jp
Nadeen,Conachie,nconachie5v@disqus.com,Regional Center 2,section b,4740d378qV
Carly,Adamkiewicz,cadamkiewicz5w@slashdot.org,Regional Center 3,section c,I0NWGEQU2C
Gwendolin,Fortoun,gfortoun5x@google.it,Regional Center 4,section d,ldOOFi4cOJ
Dallon,Colloff,dcolloff5y@prnewswire.com,Regional Center 5,section e,TCK4AfDAEK
Brodie,Gergus,bgergus5z@reference.com,Regional Center 6,section f,E3yY70rQ2i
Constancia,Panter,cpanter60@soup.io,Regional Center 7,section a,cdzLHoh356
Matty,Gyves,mgyves61@umn.edu,Regional Center 8,section b,3C64Y1NjP3
Clayson,Mibourne,cmibourne62@dyndns.org,Regional Center 9,section c,120lYOQlBq
Kleon,Breeze,kbreeze63@mtv.com,Regional Center 10,section d,pzepVrrmAV
Rosie,Pasmore,rpasmore64@flickr.com,Regional Center 1,section e,azZKWe41Vx
Hamilton,Gallacher,hgallacher65@goo.gl,Regional Center 2,section f,K0KI24maX8
Grazia,Hartnup,ghartnup66@youku.com,Regional Center 3,section a,SRrx84hhOX
Darcey,Spadazzi,dspadazzi67@odnoklassniki.ru,Regional Center 4,section b,Y2PfiWq0AG
Ronni,Porte,rporte68@wikispaces.com,Regional Center 5,section c,7WI3hg0w6Q
Emile,Lantiff,elantiff69@sohu.com,Regional Center 6,section d,TzPubd24J7
Dottie,Clemes,dclemes6a@who.int,Regional Center 7,section e,CSH7LqT9dK
Tove,Chidwick,tchidwick6b@redcross.org,Regional Center 8,section f,8WIGOOVptI
Daune,Blunderfield,dblunderfield6c@sakura.ne.jp,Regional Center 9,section a,723OB7vBhA
Kath,Calyton,kcalyton6d@hatena.ne.jp,Regional Center 10,section b,ij4zhpffY0
Addison,Okenden,aokenden6e@census.gov,Regional Center 1,section c,m0p2T8X2PB
Stacia,Demageard,sdemageard6f@sciencedaily.com,Regional Center 2,section d,VWRy0Y0vTV
Bogey,Pulfer,bpulfer6g@cisco.com,Regional Center 3,section e,nR7FsZBnR7
Gustaf,Pocklington,gpocklington6h@t-online.de,Regional Center 4,section f,dngWL7t74R
Allyn,Spacie,aspacie6i@wufoo.com,Regional Center 5,section a,nZztO8Ksnb
Geoff,Chaim,gchaim6j@twitpic.com,Regional Center 6,section b,34e6nIsD3G
Lorilyn,Vassel,lvassel6k@techcrunch.com,Regional Center 7,section c,U1dZ7sUIz9
Angie,Knowles,aknowles6l@marketwatch.com,Regional Center 8,section d,FP2dV9x9A1
Karine,McElory,kmcelory6m@pbs.org,Regional Center 9,section e,44R1kZl3YV
Billie,Borland,bborland6n@nyu.edu,Regional Center 10,section f,3Qswn5KucJ
Papageno,Shergold,pshergold6o@blogspot.com,Regional Center 1,section a,ZV6QXjHn0x
Bronnie,Simkovitz,bsimkovitz6p@uol.com.br,Regional Center 2,section b,DSh2NP5BVa
Blondelle,Chismon,bchismon6q@latimes.com,Regional Center 3,section c,cn5yliBPC5
Adrien,Harty,aharty6r@mapquest.com,Regional Center 4,section d,2D2bO77Y9T
Bonni,Letcher,bletcher6s@engadget.com,Regional Center 5,section e,98p6LENMR9
Harmon,Foddy,hfoddy6t@hp.com,Regional Center 6,section f,9HwN7VeyKw
Persis,Street,pstreet6u@arizona.edu,Regional Center 7,section a,FF0CDqQc5S
Joey,Worton,jworton6v@surveymonkey.com,Regional Center 8,section b,RxI7iSj3TB
Kerri,Moohan,kmoohan6w@fda.gov,Regional Center 9,section c,f2ln6Y2jKi
Corbett,Hubbucks,chubbucks6x@howstuffworks.com,Regional Center 10,section d,MfPlATV101
Vernon,Dochon,vdochon6y@businessinsider.com,Regional Center 1,section e,3hk6wBFsbW
Jeremias,O'Shee,joshee6z@yellowpages.com,Regional Center 2,section f,nwb7UzOqmN
Bernardina,Passion,bpassion70@ca.gov,Regional Center 3,section a,wgu01QC392
Brigida,Tooke,btooke71@uiuc.edu,Regional Center 4,section b,Hw38Zycal5
Dimitry,Simonite,dsimonite72@nationalgeographic.com,Regional Center 5,section c,GRIPG0jELW
Douglass,Cornier,dcornier73@nifty.com,Regional Center 6,section d,88eK48lpn7
Aliza,Andreotti,aandreotti74@weibo.com,Regional Center 7,section e,O2Y8NTfZ7I
Nickie,Garmey,ngarmey75@addtoany.com,Regional Center 8,section f,I76u9M5PU4
Astrix,Gillitt,agillitt76@google.fr,Regional Center 9,section a,zq2446KMm1
Edithe,Ormes,eormes77@pen.io,Regional Center 10,section b,818qwLt68U
Marji,McGurgan,mmcgurgan78@51.la,Regional Center 1,section c,akEsTzUj3r
Demetri,Noirel,dnoirel79@csmonitor.com,Regional Center 2,section d,975eJL3Y5a
Merwyn,Raiker,mraiker7a@newsvine.com,Regional Center 3,section e,u8643jV54R
Joli,Scholling,jscholling7b@unesco.org,Regional Center 4,section f,Dv03AG43u7
Bethanne,Quoit,bquoit7c@issuu.com,Regional Center 5,section a,oTOVBHTw6J
Samaria,Izod,sizod7d@nps.gov,Regional Center 6,section b,Ujo3TX9M14
Fraze,Carleman,fcarleman7e@amazon.co.uk,Regional Center 7,section c,dPYp74974m
Goldarina,Henworth,ghenworth7f@epa.gov,Regional Center 8,section d,32sX92qSGT
Federico,Valsler,fvalsler7g@amazonaws.com,Regional Center 9,section e,1a7BP3VYLL
Valerie,Flannigan,vflannigan7h@twitter.com,Regional Center 10,section f,rvSplF2QFl
Mable,Rivilis,mrivilis7i@go.com,Regional Center 1,section a,5jCANFLxYX
Brock,Reinhardt,breinhardt7j@newyorker.com,Regional Center 2,section b,09B0hux6P2
Carline,Eburne,ceburne7k@mysql.com,Regional Center 3,section c,F9IeQ9U8sb
Bennett,Kobieriecki,bkobieriecki7l@storify.com,Regional Center 4,section d,F3K77d2Y7M
Delmer,Brigman,dbrigman7m@ihg.com,Regional Center 5,section e,tIo1YPVA7D
Christina,Alecock,calecock7n@goo.gl,Regional Center 6,section f,z034B8IzHj
Gideon,Isabell,gisabell7o@spiegel.de,Regional Center 7,section a,l612GgA2x4
Valenka,Raspison,vraspison7p@sina.com.cn,Regional Center 8,section b,9k0dlM2Lj9
Jourdain,Arnull,jarnull7q@examiner.com,Regional Center 9,section c,19xtWMkXoa
Myrta,Begin,mbegin7r@aol.com,Regional Center 10,section d,1PC1bZK6da
Morrie,De Gogay,mdegogay7s@ebay.co.uk,Regional Center 1,section e,9hHZ70y50p
Katrine,Perry,kperry7t@drupal.org,Regional Center 2,section f,Dpm603wK2v
Kyle,Skedgell,kskedgell7u@sphinn.com,Regional Center 3,section a,bEoZ2iW4Nd
Doy,Stittle,dstittle7v@wunderground.com,Regional Center 4,section b,aLcNxWadRr
Jeane,Gendricke,jgendricke7w@ow.ly,Regional Center 5,section c,8Mu2cCywJz
Mellie,Woollends,mwoollends7x@mashable.com,Regional Center 6,section d,3KWqXQxBoZ
Gabriele,Itzkovsky,gitzkovsky7y@tmall.com,Regional Center 7,section e,ASRLXzM169
Noni,Bothwell,nbothwell7z@tmall.com,Regional Center 8,section f,lg7jLFV83i
Guendolen,Shelper,gshelper80@homestead.com,Regional Center 9,section a,XRo8V8POJ1
Alec,Urpeth,aurpeth81@wikia.com,Regional Center 10,section b,QXO0uN2hlJ
Nick,Sesser,nsesser82@stanford.edu,Regional Center 1,section c,14U858855r
Cally,Espinal,cespinal83@blinklist.com,Regional Center 2,section d,78b3c0ydq1
Horatius,Hanse,hhanse84@chicagotribune.com,Regional Center 3,section e,i412IqWd7C
Frasquito,Maasze,fmaasze85@miitbeian.gov.cn,Regional Center 4,section f,8p52fEm9CZ
Ichabod,Rubin,irubin86@hhs.gov,Regional Center 5,section a,4ByAq9Q5w7
Jodie,Ebhardt,jebhardt87@psu.edu,Regional Center 6,section b,Zy0L4kwcuE
Zarah,Mizen,zmizen88@stumbleupon.com,Regional Center 7,section c,wtiMl0mMF2
Constanta,Kiljan,ckiljan89@senate.gov,Regional Center 8,section d,VV8G88k8m7
Albie,Doree,adoree8a@aol.com,Regional Center 9,section e,U6ZwGKZCdA
Deloria,Leaming,dleaming8b@indiatimes.com,Regional Center 10,section f,eNvPNmV48E
Shaw,Lakin,slakin8c@google.co.uk,Regional Center 1,section a,5kgnyA95DO
Emilia,Lawful,elawful8d@illinois.edu,Regional Center 2,section b,5ul7s448iB
Lisabeth,Glassard,lglassard8e@bbc.co.uk,Regional Center 3,section c,wT0LyERcuV
Kirby,Dopson,kdopson8f@globo.com,Regional Center 4,section d,rVNgxCk1BO
Danny,Pods,dpods8g@lycos.com,Regional Center 5,section e,8Hk3D94LZf
Ilysa,Alennikov,ialennikov8h@dion.ne.jp,Regional Center 6,section f,J9kkF5X0Za
Cornell,Braithwaite,cbraithwaite8i@ustream.tv,Regional Center 7,section a,iyOdUkLzf5
Brenna,Bordessa,bbordessa8j@marriott.com,Regional Center 8,section b,i1mh4SSF6U
Ashlin,Hadfield,ahadfield8k@house.gov,Regional Center 9,section c,MKMDBI3eN6
Curtice,Elderbrant,celderbrant8l@house.gov,Regional Center 10,section d,0doe42a9pU
Bryna,Tampling,btampling8m@unc.edu,Regional Center 1,section e,V324xrt5cp
Kimbra,Ebbotts,kebbotts8n@seattletimes.com,Regional Center 2,section f,87iGu8D0j6
Donalt,Althrope,dalthrope8o@engadget.com,Regional Center 3,section a,S3xGjQ1H1n
Tobie,Lamming,tlamming8p@mail.ru,Regional Center 4,section b,Y2XW77w1U7
Inigo,Perrie,iperrie8q@ustream.tv,Regional Center 5,section c,55N7J0i6SJ
Eudora,Petcher,epetcher8r@umn.edu,Regional Center 6,section d,e0F2E8qQTL
Quentin,Gerritzen,qgerritzen8s@japanpost.jp,Regional Center 7,section e,N9Aze71p3S
Sibylle,Sherborn,ssherborn8t@unc.edu,Regional Center 8,section f,QBEU911DVx
Rocky,Buessen,rbuessen8u@nsw.gov.au,Regional Center 9,section a,t1jONiO5IY
Constance,Jaffrey,cjaffrey8v@hud.gov,Regional Center 10,section b,jex2m0SN3J
Christine,Brampton,cbrampton8w@examiner.com,Regional Center 1,section c,2200nDYUB2
Stephen,Corrison,scorrison8x@squidoo.com,Regional Center 2,section d,BNUmxWt0kX
Sully,Inseal,sinseal8y@ucoz.ru,Regional Center 3,section e,0SaEGKaQtH
Wadsworth,Verbeke,wverbeke8z@wunderground.com,Regional Center 4,section f,3ir631K7F8
Sonja,Wixon,swixon90@parallels.com,Regional Center 5,section a,i2896qNdnw
Carmine,Neeves,cneeves91@unesco.org,Regional Center 6,section b,9s9GGDcHj3
Tarrah,Noyce,tnoyce92@tmall.com,Regional Center 7,section c,Ejbi88mXXX
Killie,Moulden,kmoulden93@kickstarter.com,Regional Center 8,section d,d8r6Zt9r9k
Olimpia,Goodge,ogoodge94@qq.com,Regional Center 9,section e,8b0wO5zYwI
Hardy,Daoust,hdaoust95@wikispaces.com,Regional Center 10,section f,Vu5Bm5DzDW
Claire,Grishukhin,cgrishukhin96@bloglines.com,Regional Center 1,section a,NW3G8guVVr
Michelina,Annell,mannell97@rambler.ru,Regional Center 2,section b,2pGQ7617j6
Cos,Spikins,cspikins98@google.co.uk,Regional Center 3,section c,1W3u6917Kx
Corbin,Wolton,cwolton99@mozilla.org,Regional Center 4,section d,m7U2mncnC6
Nichole,Kollach,nkollach9a@google.ru,Regional Center 5,section e,d47HX10U2g
Mauricio,Purshouse,mpurshouse9b@yellowbook.com,Regional Center 6,section f,5n3b308dHK
Marline,Very,mvery9c@typepad.com,Regional Center 7,section a,09TKOW8gEV
Dulci,Stork,dstork9d@shop-pro.jp,Regional Center 8,section b,7sm8V3erYc
Yanaton,Lagden,ylagden9e@friendfeed.com,Regional Center 9,section c,QZNbQrWQny
Luella,Enser,lenser9f@bandcamp.com,Regional Center 10,section d,ilS1b3u7S4
Kipper,Jacobsen,kjacobsen9g@walmart.com,Regional Center 1,section e,205ugksdzk
Easter,Abramamovh,eabramamovh9h@jalbum.net,Regional Center 2,section f,2M1DO20n05
Lyle,Moro,lmoro9i@accuweather.com,Regional Center 3,section a,3v6yKr3UL9
Phil,Emerton,pemerton9j@un.org,Regional Center 4,section b,hSD71hK2n9
Nessie,Lutwidge,nlutwidge9k@nymag.com,Regional Center 5,section c,BFwrmjR139
Timotheus,Harbert,tharbert9l@theguardian.com,Regional Center 6,section d,lEf81xEzej
Euphemia,Mangeot,emangeot9m@weather.com,Regional Center 7,section e,427dXFBTp7
Ketti,Vonasek,kvonasek9n@mayoclinic.com,Regional Center 8,section f,4qDGaxdu1z
Chastity,Lugard,clugard9o@xinhuanet.com,Regional Center 9,section a,kb3epcix5x
Stefan,Gother,sgother9p@lycos.com,Regional Center 10,section b,vS5pcILeYL
Elinore,Spall,espall9q@imgur.com,Regional Center 1,section c,99j73r3l0V
Charisse,Isgate,cisgate9r@i2i.jp,Regional Center 2,section d,hpSQdat0pM
Cassondra,Merrigans,cmerrigans9s@rediff.com,Regional Center 3,section e,LHZ2BCtn6p
Gianni,Schwandner,gschwandner9t@parallels.com,Regional Center 4,section f,xt4v1PW6rI
Corena,Gerlts,cgerlts9u@irs.gov,Regional Center 5,section a,85ONFV49Jh
Ronny,Duley,rduley9v@diigo.com,Regional Center 6,section b,BHoJE3Xdhw
Nydia,Baylis,nbaylis9w@gizmodo.com,Regional Center 7,section c,38Y2ueFg74
Chris,Larkcum,clarkcum9x@csmonitor.com,Regional Center 8,section d,DaVQsGGEfv
Harlen,Solland,hsolland9y@artisteer.com,Regional Center 9,section e,k69MS27NJH
Cameron,Lympenie,clympenie9z@economist.com,Regional Center 10,section f,Vkjfz0U7hF
Cedric,Churms,cchurmsa0@unc.edu,Regional Center 1,section a,A4w4X3x9I7
Immanuel,Spragge,ispraggea1@vk.com,Regional Center 2,section b,26913eK8Lg
Teddie,Hobbert,thobberta2@irs.gov,Regional Center 3,section c,vGSVMx1ZOX
Adaline,Castello,acastelloa3@slideshare.net,Regional Center 4,section d,s9flpIQ22F
Constantine,Guerrero,cguerreroa4@tiny.cc,Regional Center 5,section e,HnU30ZO47q
Cody,Simoens,csimoensa5@goo.ne.jp,Regional Center 6,section f,v32zLK50c9
Justus,MacConnel,jmacconnela6@hud.gov,Regional Center 7,section a,Rn0n74r340
Kristina,Gregoretti,kgregorettia7@ebay.co.uk,Regional Center 8,section b,l0kACR2JY0
Brenn,Berfoot,bberfoota8@usda.gov,Regional Center 9,section c,QyX7jFZVMy
Ninnetta,Posselwhite,nposselwhitea9@si.edu,Regional Center 10,section d,5cf78705aD
Nikki,Blakebrough,nblakebroughaa@4shared.com,Regional Center 1,section e,bErkFWOy12
Frederich,Errichi,ferrichiab@a8.net,Regional Center 2,section f,NjEZ077dR6
Jamaal,Toomer,jtoomerac@woothemes.com,Regional Center 3,section a,7UvoO2laIm
Ava,Brickner,abricknerad@comcast.net,Regional Center 4,section b,Hz171GY0Sp
Etta,Rangell,erangellae@parallels.com,Regional Center 5,section c,k5E2J146Od
Alene,Cripps,acrippsaf@google.com.br,Regional Center 6,section d,cmOYlZSc8V
Alastair,Gatecliffe,agatecliffeag@harvard.edu,Regional Center 7,section e,8PvfHQREkB
Eduino,Kurtis,ekurtisah@comcast.net,Regional Center 8,section f,92JYIrbzRB
Edna,Whilder,ewhilderai@pbs.org,Regional Center 9,section a,0Qodj0D6Sz
Sherwin,Sanson,ssansonaj@shinystat.com,Regional Center 10,section b,bh8pP74i6S
Pepito,Mattheeuw,pmattheeuwak@imdb.com,Regional Center 1,section c,ved9zvs4S9
Camille,Boydell,cboydellal@privacy.gov.au,Regional Center 2,section d,uhoU4LTFjZ
Patricio,McRobbie,pmcrobbieam@behance.net,Regional Center 3,section e,sJ4xvwvzdz
Thorn,Dartnall,tdartnallan@feedburner.com,Regional Center 4,section f,w7c1d2c0w1
Cynde,Bradwell,cbradwellao@netscape.com,Regional Center 5,section a,Fh9l6Zd0d7
Sheilah,Niesegen,sniesegenap@mysql.com,Regional Center 6,section b,LQBCqlUByZ
Ambrosius,Ferier,aferieraq@vinaora.com,Regional Center 7,section c,4mC492ZOS3
Emanuel,Courvert,ecourvertar@ehow.com,Regional Center 8,section d,1jTEBKmq9I
Aubrie,Darnborough,adarnboroughas@google.ru,Regional Center 9,section e,nh96A9mDI6
Petronilla,MacDavitt,pmacdavittat@youku.com,Regional Center 10,section f,LD65m02EfZ
Brittne,Clawley,bclawleyau@mashable.com,Regional Center 1,section a,lr0VEc800t
Malissa,McWilliams,mmcwilliamsav@globo.com,Regional Center 2,section b,s5wOX2DJqG
Nan,Stute,nstuteaw@yelp.com,Regional Center 3,section c,G6TWp4BNw2
Ashby,Need,aneedax@blog.com,Regional Center 4,section d,94R742a4Yo
Sherry,Euels,seuelsay@elpais.com,Regional Center 5,section e,0YYBFpf942
Daffie,Mish,dmishaz@nba.com,Regional Center 6,section f,HFe24pVfh7
Emmi,Skea,eskeab0@dailymail.co.uk,Regional Center 7,section a,mxnXh09E93
Tobiah,Essery,tesseryb1@blogger.com,Regional Center 8,section b,O0KJ8YvZ07
Dilly,Huie,dhuieb2@google.com,Regional Center 9,section c,yKhfzEQ777
Nichole,Joynt,njoyntb3@cam.ac.uk,Regional Center 10,section d,PZ0ev2Cnw0
Cami,Olivetti,colivettib4@jiathis.com,Regional Center 1,section e,j4I2z46UXB
Shani,Rosin,srosinb5@123-reg.co.uk,Regional Center 2,section f,JJrPj5e0qL
Jephthah,Izard,jizardb6@walmart.com,Regional Center 3,section a,PEhh486V43
Eziechiele,Fagan,efaganb7@diigo.com,Regional Center 4,section b,5r25Rnnic6
Hinze,Doughtery,hdoughteryb8@sbwire.com,Regional Center 5,section c,i80xu53b4y
Druci,Cranson,dcransonb9@hc360.com,Regional Center 6,section d,N69uPUxu6P
Vladimir,Jeal,vjealba@bing.com,Regional Center 7,section e,37f2kuW9ox
Anya,Lock,alockbb@paypal.com,Regional Center 8,section f,oT3n6bmHiS
Agosto,Hatzar,ahatzarbc@soundcloud.com,Regional Center 9,section a,8jrs1HPXZt
Mamie,Warre,mwarrebd@github.com,Regional Center 10,section b,bbLpsRfUZ5
Kippar,Hourahan,khourahanbe@discovery.com,Regional Center 1,section c,z8z9lwy8ya
Etheline,Blissitt,eblissittbf@salon.com,Regional Center 2,section d,nKLKFl3vy3
Agretha,Franceschielli,afranceschiellibg@nydailynews.com,Regional Center 3,section e,h3daZh3AHp
Angy,Thor,athorbh@squidoo.com,Regional Center 4,section f,55Fe4BUS88
Bent,Hammor,bhammorbi@yelp.com,Regional Center 5,section a,f58ke7Zm95
Rikki,Marks,rmarksbj@netlog.com,Regional Center 6,section b,nq2K5dhMgj
Cherilyn,Peaden,cpeadenbk@weibo.com,Regional Center 7,section c,aUxT0KZ3du
Catlin,O'Cannavan,cocannavanbl@123-reg.co.uk,Regional Center 8,section d,GlP4xaFLGd
Oswell,Sizeland,osizelandbm@sbwire.com,Regional Center 9,section e,w6h2Zq1qFe
Jeremie,Mawson,jmawsonbn@google.pl,Regional Center 10,section f,bmHYH7urpf
Keely,Marval,kmarvalbo@wikimedia.org,Regional Center 1,section a,1ej2JKQ72F
Hussein,Salvidge,hsalvidgebp@auda.org.au,Regional Center 2,section b,hW2lAt6YvV
Godart,Piatti,gpiattibq@instagram.com,Regional Center 3,section c,GE2hyq99t8
Kerrin,Alvares,kalvaresbr@buzzfeed.com,Regional Center 4,section d,rrDrrXB5mQ
Arnaldo,Raft,araftbs@opera.com,Regional Center 5,section e,T6qk1TAid8
Mendie,Olligan,molliganbt@tinyurl.com,Regional Center 6,section f,BIN8a8g5ef
Reta,Bonehill,rbonehillbu@miitbeian.gov.cn,Regional Center 7,section a,5hzliCCmQ2
Perry,Sapena,psapenabv@upenn.edu,Regional Center 8,section b,Z5rbxVQ32u
Anya,O' Brian,aobrianbw@usnews.com,Regional Center 9,section c,W4Vqd3ckKh
Loren,Sey,lseybx@springer.com,Regional Center 10,section d,IS5KgN6fuG
Carmita,Trusse,ctrusseby@ihg.com,Regional Center 1,section e,wUSOHW82TI
Arline,Jent,ajentbz@homestead.com,Regional Center 2,section f,Q7d83yhB32
Michal,Regitz,mregitzc0@nbcnews.com,Regional Center 3,section a,99MJ8VZREv
Sarena,Fishbourn,sfishbournc1@google.nl,Regional Center 4,section b,b6v2QOz4ol
Mill,Bertie,mbertiec2@google.it,Regional Center 5,section c,2iYfhzau5q
Adolphus,Crates,acratesc3@harvard.edu,Regional Center 6,section d,c9SC6d1ym5
Enos,Knyvett,eknyvettc4@bing.com,Regional Center 7,section e,c0qh5mhY9I
Artemas,Joskowicz,ajoskowiczc5@constantcontact.com,Regional Center 8,section f,3G506RevKX
Lawry,Blaase,lblaasec6@uiuc.edu,Regional Center 9,section a,MfI5PPP10r
Thibaut,Shuker,tshukerc7@ning.com,Regional Center 10,section b,66zeiX0YXJ
Maurits,Baylay,mbaylayc8@deviantart.com,Regional Center 1,section c,7wvzYb3Kn2
Mauricio,Lade,mladec9@google.ca,Regional Center 2,section d,vm8B64IHx4
Jeana,L'oiseau,jloiseauca@fastcompany.com,Regional Center 3,section e,40a995Up2g
Rakel,Spadeck,rspadeckcb@utexas.edu,Regional Center 4,section f,EhaUETtItc
Allie,Arnaut,aarnautcc@ameblo.jp,Regional Center 5,section a,RSO78931xE
Noll,Reeman,nreemancd@plala.or.jp,Regional Center 6,section b,rfW6l2juBq
Papagena,Sharphouse,psharphousece@pinterest.com,Regional Center 7,section c,qtU3bGgLm2
Rebekkah,Cornelleau,rcornelleaucf@reddit.com,Regional Center 8,section d,MV4K1tVCB1
Whitby,Shackell,wshackellcg@google.ru,Regional Center 9,section e,kfVL99xKml
Nady,Father,nfatherch@constantcontact.com,Regional Center 10,section f,Z8I0fgj89O
Robenia,Ofer,roferci@google.pl,Regional Center 1,section a,cH3fJGnv23
Thatcher,Stute,tstutecj@flickr.com,Regional Center 2,section b,0HkpSCH0Us
Haily,Hirche,hhircheck@cbslocal.com,Regional Center 3,section c,0rQU1vzHv4
Millicent,Curnock,mcurnockcl@dell.com,Regional Center 4,section d,1GlXCv2KjM
Pauly,Arsmith,parsmithcm@wisc.edu,Regional Center 5,section e,C1b9sET0aF
Johann,Broader,jbroadercn@liveinternet.ru,Regional Center 6,section f,C8153SurOO
Bride,Merveille,bmerveilleco@cnbc.com,Regional Center 7,section a,6VG01E4bIk
Jeremiah,Dighton,jdightoncp@canalblog.com,Regional Center 8,section b,1seTCRwjcB
Hadlee,Prati,hpraticq@lycos.com,Regional Center 9,section c,NLBQC0z6HA
Evyn,Skull,eskullcr@answers.com,Regional Center 10,section d,kZ5LYXfpyB
Leon,De Hailes,ldehailescs@aol.com,Regional Center 1,section e,rNxR3ZGAqy
Gerrard,Dunrige,gdunrigect@uiuc.edu,Regional Center 2,section f,U168D6708h
Jimmy,Barense,jbarensecu@hexun.com,Regional Center 3,section a,97B4vCZdZY
Tiphany,Jacobssen,tjacobssencv@sfgate.com,Regional Center 4,section b,D3A3v51WYc
Tate,Wythill,twythillcw@opensource.org,Regional Center 5,section c,8Ph7vm268R
Britney,Curcher,bcurchercx@npr.org,Regional Center 6,section d,OpZwOb3olE
Jaime,Philbin,jphilbincy@behance.net,Regional Center 7,section e,w1hlU4rGn2
Eilis,Gasken,egaskencz@technorati.com,Regional Center 8,section f,ftAyz25ep0
Lizette,MacCracken,lmaccrackend0@hhs.gov,Regional Center 9,section a,0n9vwqYUy6
Gilles,Davidzon,gdavidzond1@seesaa.net,Regional Center 10,section b,Mi97w2X5c6
Ronni,Fiddian,rfiddiand2@scribd.com,Regional Center 1,section c,F6gFUJ0L4K
Timmy,Fullun,tfullund3@sakura.ne.jp,Regional Center 2,section d,JBYIukZ7wI
Jaynell,Fontaine,jfontained4@sbwire.com,Regional Center 3,section e,8k4U77eI02
Leigha,Lerwill,llerwilld5@abc.net.au,Regional Center 4,section f,TE321t0ITd
Danyette,Godwyn,dgodwynd6@soundcloud.com,Regional Center 5,section a,fDAkaVN6S9
Tad,Axtens,taxtensd7@theguardian.com,Regional Center 6,section b,xn4i39TNOa
Noll,Bigby,nbigbyd8@bravesites.com,Regional Center 7,section c,NjgupTZERn
Imogen,Beare,ibeared9@yelp.com,Regional Center 8,section d,3ZcH6QY5zM
Marchall,Baldry,mbaldryda@examiner.com,Regional Center 9,section e,5c1SfOGqbF
Lezley,Potkins,lpotkinsdb@geocities.jp,Regional Center 10,section f,k07222F657
Cody,Tavinor,ctavinordc@wordpress.com,Regional Center 1,section a,bsuwYv65Ye
Maurizia,Brinson,mbrinsondd@studiopress.com,Regional Center 2,section b,RbLhP123Yf
Abra,Giacobilio,agiacobiliode@phoca.cz,Regional Center 3,section c,gi1xK3d678
Bevvy,Adnams,badnamsdf@sphinn.com,Regional Center 4,section d,j40lx9dd9J
Adriane,Tilley,atilleydg@rambler.ru,Regional Center 5,section e,3R441DrjKW
Bill,Lantry,blantrydh@flavors.me,Regional Center 6,section f,WB19Hs23mX
Sabina,Duncanson,sduncansondi@umn.edu,Regional Center 7,section a,t24P8Oz8lC
Corry,Crowcher,ccrowcherdj@bloglovin.com,Regional Center 8,section b,q07VHPyb36
Cchaddie,Last,clastdk@networkadvertising.org,Regional Center 9,section c,33FTj4IqCo
Gilbertina,Seakings,gseakingsdl@si.edu,Regional Center 10,section d,aCQ3TSM9ai
Deeyn,Borleace,dborleacedm@a8.net,Regional Center 1,section e,M4jZDb9Gfj
Noemi,Seak,nseakdn@altervista.org,Regional Center 2,section f,1iAiTADzzV
Stanleigh,Bamlet,sbamletdo@twitpic.com,Regional Center 3,section a,xudy42xaU4
Arnuad,Maskrey,amaskreydp@constantcontact.com,Regional Center 4,section b,3e3G74RNcg
Leeanne,Abramowitch,labramowitchdq@weibo.com,Regional Center 5,section c,VRffwCVcjQ
Bonita,Spreadbury,bspreadburydr@hp.com,Regional Center 6,section d,JEaRGsC0G7
Caz,Torns,ctornsds@google.it,Regional Center 7,section e,9z7XWDiC75
Josselyn,Brittlebank,jbrittlebankdt@patch.com,Regional Center 8,section f,6Fl7p8Qlry
Myrtice,Spaxman,mspaxmandu@wordpress.com,Regional Center 9,section a,N1mOuZcTnO
Wilt,O'Monahan,womonahandv@archive.org,Regional Center 10,section b,B7Z1G14ZsH
Merrel,Sjostrom,msjostromdw@reddit.com,Regional Center 1,section c,MWH62Q1bvx
Felita,Roggers,froggersdx@earthlink.net,Regional Center 2,section d,bX3tc98K2Z
Akim,Pabelik,apabelikdy@twitpic.com,Regional Center 3,section e,2k3j6VTBkf
Elysha,Carncross,ecarncrossdz@ucla.edu,Regional Center 4,section f,xh1kfPSlZN
Abba,Delaprelle,adelaprellee0@webs.com,Regional Center 5,section a,eJ6Y8Puq8T
Raynard,Fisbey,rfisbeye1@edublogs.org,Regional Center 6,section b,4EUf2EzAh4
Perren,Gagan,pgagane2@nydailynews.com,Regional Center 7,section c,E07LJfIqYI
Tallia,Vedenisov,tvedenisove3@indiegogo.com,Regional Center 8,section d,O8W79VaEu7
Camile,Alexsandrov,calexsandrove4@auda.org.au,Regional Center 9,section e,I4RWjux5he
Odella,Jannaway,ojannawaye5@dagondesign.com,Regional Center 10,section f,S0CNWPyRP4
Enrica,Sidon,esidone6@cam.ac.uk,Regional Center 1,section a,1eBB10Yf03
Danica,Blacket,dblackete7@bing.com,Regional Center 2,section b,3JK6vqdjC0
Dorrie,Rosenfelder,drosenfeldere8@ask.com,Regional Center 3,section c,E4wS47tS2e
Bendicty,Rignall,brignalle9@google.pl,Regional Center 4,section d,H5y09d9n4D
Kyle,Bowyer,kbowyerea@indiegogo.com,Regional Center 5,section e,088M2x83rS
Jada,Molineux,jmolineuxeb@surveymonkey.com,Regional Center 6,section f,5YGa711095
Martelle,Mansford,mmansfordec@cnet.com,Regional Center 7,section a,LB6Eu1tR97
Woodie,Grennan,wgrennaned@ft.com,Regional Center 8,section b,F3t6gflEh8
Matilda,Bayne,mbayneee@amazon.co.uk,Regional Center 9,section c,r77872Gkk3
Shanan,Bertl,sbertlef@barnesandnoble.com,Regional Center 10,section d,8hqM19vTYn
Verene,Dansie,vdansieeg@soup.io,Regional Center 1,section e,3w4x9n6l80
Pier,Johnys,pjohnyseh@npr.org,Regional Center 2,section f,n5U60kOIBC
Corissa,Fitkin,cfitkinei@scientificamerican.com,Regional Center 3,section a,57E962uWym
Caritta,Lindstedt,clindstedtej@qq.com,Regional Center 4,section b,n879JE5h8C
Maynord,Tytherton,mtythertonek@blogs.com,Regional Center 5,section c,K93G07QEP8
Erhard,Attock,eattockel@w3.org,Regional Center 6,section d,1yK73pR4Ff
Sylvan,Gorgler,sgorglerem@japanpost.jp,Regional Center 7,section e,zCR54wIYPd
Katusha,Drayton,kdraytonen@home.pl,Regional Center 8,section f,053x3gaOkL
Ophelie,Crofthwaite,ocrofthwaiteeo@unicef.org,Regional Center 9,section a,wwX2S9h1Og
Selestina,Thiolier,sthiolierep@ed.gov,Regional Center 10,section b,kr7cGNY1Iq
Aura,Gooddie,agooddieeq@amazon.com,Regional Center 1,section c,vNbGJ94r09
Demetris,Aleksashin,daleksashiner@weebly.com,Regional Center 2,section d,rR1H0le6mT
Toni,Doel,tdoeles@ox.ac.uk,Regional Center 3,section e,Bda4v9oq0D
Bria,Yitzovicz,byitzoviczet@yellowbook.com,Regional Center 4,section f,1yC8HBRttG
Doug,Vickar,dvickareu@economist.com,Regional Center 5,section a,S17k7Z96rf
Batholomew,Andres,bandresev@youtube.com,Regional Center 6,section b,XoAeKD3Bz9
Steffen,Markushkin,smarkushkinew@clickbank.net,Regional Center 7,section c,104KctqYg4
Shelley,Jarrard,sjarrardex@weibo.com,Regional Center 8,section d,4eLFapk4Or
Tallou,Aaronson,taaronsoney@usa.gov,Regional Center 9,section e,OfkQaW352V
Lou,Thorlby,lthorlbyez@samsung.com,Regional Center 10,section f,ixDj2x6p09
Kerr,Kleinstein,kkleinsteinf0@auda.org.au,Regional Center 1,section a,Sv632Eh8zk
Netti,Diego,ndiegof1@jugem.jp,Regional Center 2,section b,Xy2f939q8o
Gabrila,McVeighty,gmcveightyf2@aol.com,Regional Center 3,section c,sXJ7Q2SDoF
Kyla,Mallinar,kmallinarf3@typepad.com,Regional Center 4,section d,z1r6GY6S2L
Reube,Heineking,rheinekingf4@ifeng.com,Regional Center 5,section e,Qw4m0Jlc31
Magdalena,Mullan,mmullanf5@parallels.com,Regional Center 6,section f,2W8eYYQ0Lz
Winifred,D'Oyly,wdoylyf6@sohu.com,Regional Center 7,section a,YZ84mL0Igq
Marillin,Bugg,mbuggf7@umn.edu,Regional Center 8,section b,U8184M5F5u
Sanson,Denisot,sdenisotf8@seesaa.net,Regional Center 9,section c,0X0azk9pQS
Heall,Rallings,hrallingsf9@elegantthemes.com,Regional Center 10,section d,Ho745jzt9e
Dwight,Penwright,dpenwrightfa@cnn.com,Regional Center 1,section e,9YtM926drW
Fielding,Pirouet,fpirouetfb@de.vu,Regional Center 2,section f,OMW6V3yW2B
Zechariah,McIlrath,zmcilrathfc@nature.com,Regional Center 3,section a,QL4kc4D1wX
Isa,Drackford,idrackfordfd@ehow.com,Regional Center 4,section b,7VN3R0Zx9F
Jay,McLuckie,jmcluckiefe@blinklist.com,Regional Center 5,section c,pTDN5uJ2d0
Myrvyn,Worral,mworralff@unicef.org,Regional Center 6,section d,3CtDWkH16i
Husain,Lockless,hlocklessfg@newyorker.com,Regional Center 7,section e,4xYg4Y8apc
Filbert,Chidlow,fchidlowfh@addtoany.com,Regional Center 8,section f,AWr2c59uqo
Jemima,Darragon,jdarragonfi@multiply.com,Regional Center 9,section a,bs5hcjNJa4
Morganne,Worman,mwormanfj@exblog.jp,Regional Center 10,section b,Aa13Rzdb2h
Bonny,Trout,btroutfk@usda.gov,Regional Center 1,section c,6JKz3FG1id
Jessie,Bacchus,jbacchusfl@myspace.com,Regional Center 2,section d,FqNl020qN4
Shelly,Hardison,shardisonfm@sogou.com,Regional Center 3,section e,l08sQr637I
Caz,Stidson,cstidsonfn@ask.com,Regional Center 4,section f,25P27LkjOm
Wallie,Loudon,wloudonfo@utexas.edu,Regional Center 5,section a,87Yqpo70Ia
Carlee,Griffitts,cgriffittsfp@miibeian.gov.cn,Regional Center 6,section b,5DZWxi512b
Rozina,Quiddinton,rquiddintonfq@rediff.com,Regional Center 7,section c,z1TfZ3yn43
Ogdan,Camellini,ocamellinifr@feedburner.com,Regional Center 8,section d,k21UY31iIS
Noreen,McKyrrelly,nmckyrrellyfs@yahoo.co.jp,Regional Center 9,section e,5oZ0UWOxoI
Sylas,Weatherhogg,sweatherhoggft@twitpic.com,Regional Center 10,section f,QsteRee4KD
Hakeem,Doxey,hdoxeyfu@vimeo.com,Regional Center 1,section a,5EFE9jK3K2
Glendon,Pickrell,gpickrellfv@networksolutions.com,Regional Center 2,section b,XzA2373Pv6
Romola,Dragge,rdraggefw@tinypic.com,Regional Center 3,section c,fGq62P92H3
Danya,Mephan,dmephanfx@phoca.cz,Regional Center 4,section d,ZFCogmzesR
Geoff,Southeran,gsoutheranfy@springer.com,Regional Center 5,section e,Kc1i1At9Nc
Dorisa,Johnsson,djohnssonfz@tinyurl.com,Regional Center 6,section f,T6zaFf0LMM
Phebe,Cicetti,pcicettig0@patch.com,Regional Center 7,section a,439XhXF9JW
Nataline,Stowell,nstowellg1@cornell.edu,Regional Center 8,section b,jWG4ApgRk3
Clementina,Gotthard,cgotthardg2@odnoklassniki.ru,Regional Center 9,section c,pqlzbI378Q
Ambrosi,Tidman,atidmang3@discovery.com,Regional Center 10,section d,zl3m8mk73K
Arielle,Swepson,aswepsong4@cloudflare.com,Regional Center 1,section e,5jrCM1Rz8O
Fidelity,Chable,fchableg5@google.it,Regional Center 2,section f,O5B5IxA81y
Tarrance,Brearley,tbrearleyg6@parallels.com,Regional Center 3,section a,1fY74cCIai
Bianka,Beevors,bbeevorsg7@economist.com,Regional Center 4,section b,jwUlrmIlWF
Corliss,Wilderspoon,cwilderspoong8@jiathis.com,Regional Center 5,section c,i0XX65kaI3
Christa,Fusco,cfuscog9@edublogs.org,Regional Center 6,section d,O51XWpL0DF
Irv,Jacobson,ijacobsonga@delicious.com,Regional Center 7,section e,4DAL84sS93
Jules,Dent,jdentgb@sogou.com,Regional Center 8,section f,ge8HB36Kc4
Lydia,Entissle,lentisslegc@npr.org,Regional Center 9,section a,Nu4oqCzdBT
Gallard,Loads,gloadsgd@wix.com,Regional Center 10,section b,1Ciq8J9J17
Bertina,Turbat,bturbatge@washington.edu,Regional Center 1,section c,IIbqJ6MTDq
Homerus,Etuck,hetuckgf@ning.com,Regional Center 2,section d,ojmg1Zme4d
Gail,Corsham,gcorshamgg@answers.com,Regional Center 3,section e,V4erW01951
Schuyler,Gloves,sglovesgh@cyberchimps.com,Regional Center 4,section f,1GCDbS5p8q
Fianna,Clymo,fclymogi@google.com.hk,Regional Center 5,section a,PDLE0390MF
Brose,Pinckard,bpinckardgj@nba.com,Regional Center 6,section b,7aMD6X35qS
Wayland,Meiklejohn,wmeiklejohngk@elegantthemes.com,Regional Center 7,section c,78zW2Eua66
Coreen,Mingo,cmingogl@guardian.co.uk,Regional Center 8,section d,yO6eIR2pyq
Flss,Mc Pake,fmcpakegm@soup.io,Regional Center 9,section e,xxzGPjssUZ
Ev,Kernar,ekernargn@wordpress.org,Regional Center 10,section f,oC74McNp5N
